{"cameraMode":{"drawMode":0,"name":"Shaded","section":"Shading Mode"},"sceneLighting":false,"audioPlay":false,"sceneViewState":{"m_AlwaysRefresh":false,"showFog":true,"showSkybox":false,"showFlares":true,"showImageEffects":true,"showParticleSystems":true,"showVisualEffectGraphs":true,"m_FxEnabled":true},"in2DMode":false,"pivot":{"x":-10.169245719909668,"y":0.6352148056030273,"z":10.32961654663086},"rotation":{"x":0.2800254225730896,"y":0.060428306460380557,"z":-0.017668426036834718,"w":0.9579334259033203},"size":1.9352562427520753,"orthographic":false}