{"cameraMode":{"drawMode":0,"name":"Shaded","section":"Shading Mode"},"sceneLighting":false,"audioPlay":false,"sceneViewState":{"m_AlwaysRefresh":false,"showFog":true,"showSkybox":false,"showFlares":true,"showImageEffects":true,"showParticleSystems":true,"showVisualEffectGraphs":true,"m_FxEnabled":true},"in2DMode":false,"pivot":{"x":2.427013874053955,"y":2.8343772888183595,"z":8.728931427001954},"rotation":{"x":-0.26351070404052737,"y":-0.0915621817111969,"z":0.025133254006505014,"w":-0.9599778056144714},"size":2.8945939540863039,"orthographic":false}