{"cameraMode":{"drawMode":0,"name":"Shaded","section":"Shading Mode"},"sceneLighting":false,"audioPlay":false,"sceneViewState":{"m_AlwaysRefresh":false,"showFog":true,"showSkybox":false,"showFlares":true,"showImageEffects":true,"showParticleSystems":true,"showVisualEffectGraphs":true,"m_FxEnabled":true},"in2DMode":false,"pivot":{"x":11.124835968017579,"y":1.928605318069458,"z":14.751216888427735},"rotation":{"x":-0.0564589723944664,"y":-0.30840885639190676,"z":0.018342018127441407,"w":-0.9494000673294067},"size":3.5845565795898439,"orthographic":false}